Series Name,Series Code,Country Name,Country Code,2017 [YR2017],2018 [YR2018],2019 [YR2019],2020 [YR2020]
Population density (people per sq. km of land area),EN.POP.DNST,Afghanistan,AFG,55.649251031078,56.9920457507321,58.3256780583536,59.6849899575303
Population density (people per sq. km of land area),EN.POP.DNST,Albania,ALB,104.870693430657,104.612262773723,104.167554744526,103.571131386861
Population density (people per sq. km of land area),EN.POP.DNST,Algeria,DZA,17.3776972391205,17.7300617489475,18.0762954494212,18.4113398560129
Population density (people per sq. km of land area),EN.POP.DNST,American Samoa,ASM,278.085,277.305,276.56,275.985
Population density (people per sq. km of land area),EN.POP.DNST,Andorra,AND,163.823404255319,163.846808510638,164.140425531915,164.393617021277
Population density (people per sq. km of land area),EN.POP.DNST,Angola,AGO,23.9165549049491,24.7130721103714,25.527632148873,26.3626116948745
Population density (people per sq. km of land area),EN.POP.DNST,Antigua and Barbuda,ATG,216.875,218.822727272727,220.715909090909,222.563636363636
Population density (people per sq. km of land area),EN.POP.DNST,Argentina,ARG,16.0941907925267,16.2585100979651,16.4208266190179,16.580892611147
Population density (people per sq. km of land area),EN.POP.DNST,Armenia,ARM,103.434808570425,103.67899543379,103.889286968739,104.082683526519
Population density (people per sq. km of land area),EN.POP.DNST,Aruba,ABW,585.338888888889,588.033333333333,590.611111111111,593.144444444444
Population density (people per sq. km of land area),EN.POP.DNST,Australia,AUS,3.19836141871706,3.24787091037205,3.29767018286484,3.34024963533636
Population density (people per sq. km of land area),EN.POP.DNST,Austria,AUT,106.61131846825,107.131858943286,107.609306834707,108.057004362579
Population density (people per sq. km of land area),EN.POP.DNST,Azerbaijan,AZE,119.208741622511,120.25759188908,121.280071139933,122.124736829369
Population density (people per sq. km of land area),EN.POP.DNST,"Bahamas, The",BHS,38.1367632367632,38.524975024975,38.9096903096903,39.2855144855145
Population density (people per sq. km of land area),EN.POP.DNST,Bahrain,BHR,1915.48333333333,2012.10256410256,2095.99489144317,2167.62165605096
Population density (people per sq. km of land area),EN.POP.DNST,Bangladesh,BGD,1226.74518706307,1239.73813474687,1252.56336329415,1265.18693247292
Population density (people per sq. km of land area),EN.POP.DNST,Barbados,BRB,665.648837209302,666.604651162791,667.490697674419,668.304651162791
Population density (people per sq. km of land area),EN.POP.DNST,Belarus,BLR,46.5987595325832,46.5010592176569,46.4107506220284,46.211212927382
Population density (people per sq. km of land area),EN.POP.DNST,Belgium,BEL,375.66571994716,377.379590488771,379.424702774108,381.249702774108
Population density (people per sq. km of land area),EN.POP.DNST,Belize,BLZ,16.4741341516879,16.7939938623411,17.1131521262604,17.4318719859711
Population density (people per sq. km of land area),EN.POP.DNST,Benin,BEN,99.1059950336999,101.853804540617,104.65724547712,107.513284852785
Population density (people per sq. km of land area),EN.POP.DNST,Bermuda,BMU,1182.83333333333,1183.66666666667,1183.53703703704,1183.2037037037
Population density (people per sq. km of land area),EN.POP.DNST,Bhutan,BTN,19.5460098573826,19.7796539066597,20.00770844258,20.2310435238595
Population density (people per sq. km of land area),EN.POP.DNST,Bolivia,BOL,10.3321822209914,10.4801440044309,10.6278057786393,10.7754352441614
Population density (people per sq. km of land area),EN.POP.DNST,Bosnia and Herzegovina,BIH,65.4596484375,64.92048828125,64.4726171875,64.07841796875
Population density (people per sq. km of land area),EN.POP.DNST,Botswana,BWA,3.89087572565419,3.97732077003158,4.06490392250278,4.14946270710921
Population density (people per sq. km of land area),EN.POP.DNST,Brazil,BRA,24.8660377787402,25.0617146877176,25.2507757706858,25.4314248146119
Population density (people per sq. km of land area),EN.POP.DNST,British Virgin Islands,VGB,197.113333333333,198.633333333333,200.22,201.58
Population density (people per sq. km of land area),EN.POP.DNST,Brunei Darussalam,BRN,80.546679316888,81.3965844402277,82.2193548387097,83.0138519924099
Population density (people per sq. km of land area),EN.POP.DNST,Bulgaria,BGR,65.1800571112749,64.7110998526161,64.2571941783346,63.8726510685335
Population density (people per sq. km of land area),EN.POP.DNST,Burkina Faso,BFA,70.150716374269,72.1910307017544,74.2740606725146,76.4008698830409
Population density (people per sq. km of land area),EN.POP.DNST,Burundi,BDI,421.61253894081,435.178309968847,449.010007788162,463.036643302181
Population density (people per sq. km of land area),EN.POP.DNST,Cabo Verde,CPV,133.374441687345,134.929032258065,136.460545905707,137.962282878412
Population density (people per sq. km of land area),EN.POP.DNST,Cambodia,KHM,90.6946125084976,92.0563958758214,93.3975866757308,94.7143156582823
Population density (people per sq. km of land area),EN.POP.DNST,Cameroon,CMR,51.96858539062,53.3440396860655,54.7405110955977,56.1567641894608
Population density (people per sq. km of land area),EN.POP.DNST,Canada,CAN,4.07616632034255,4.1341488959455,4.19394931064213,4.24257678524224
Population density (people per sq. km of land area),EN.POP.DNST,Cayman Islands,CYM,264.091666666667,267.383333333333,270.616666666667,273.833333333333
Population density (people per sq. km of land area),EN.POP.DNST,Central African Republic,CAF,7.37748081800379,7.49040900189412,7.61690423448586,7.75267905871778
Population density (people per sq. km of land area),EN.POP.DNST,Chad,TCD,11.9256361181703,12.2917145806862,12.6642963786531,13.0446783672173
Population density (people per sq. km of land area),EN.POP.DNST,Channel Islands,CHI,..,..,..,..
Population density (people per sq. km of land area),EN.POP.DNST,Chile,CHL,24.8414795866217,25.1894551949344,25.4891988508901,25.710001721513
Population density (people per sq. km of land area),EN.POP.DNST,China,CHN,148.144225437905,148.838644027707,149.367573167744,149.723552558882
Population density (people per sq. km of land area),EN.POP.DNST,Colombia,COL,44.0827796304642,44.7598521856692,45.3712870662461,45.8610941865705
Population density (people per sq. km of land area),EN.POP.DNST,Comoros,COM,437.340139709833,447.24449220849,457.22246104245,467.272971520688
Population density (people per sq. km of land area),EN.POP.DNST,"Congo, Dem. Rep.",COD,35.9051476588518,37.0825927968064,38.2834820581813,39.5057030061093
Population density (people per sq. km of land area),EN.POP.DNST,"Congo, Rep.",COG,14.9654494875549,15.3568462664715,15.7555021961933,16.1583953147877
Population density (people per sq. km of land area),EN.POP.DNST,Costa Rica,CRI,96.9438895417156,97.9131022326675,98.8554837446142,99.7672150411281
Population density (people per sq. km of land area),EN.POP.DNST,Cote d'Ivoire,CIV,76.8474056603774,78.8340440251572,80.8696666666667,82.9505503144654
Population density (people per sq. km of land area),EN.POP.DNST,Croatia,HRV,73.6997176756486,73.0441533843185,72.6405010363805,72.3316654753395
Population density (people per sq. km of land area),EN.POP.DNST,Cuba,CUB,109.241377649326,109.230693641619,109.185780346821,109.119614643545
Population density (people per sq. km of land area),EN.POP.DNST,Curacao,CUW,360.754504504504,358.864864864865,354.596846846847,348.97972972973
Population density (people per sq. km of land area),EN.POP.DNST,Cyprus,CYP,127.671536796537,128.708008658009,129.715800865801,130.666774891775
Population density (people per sq. km of land area),EN.POP.DNST,Czechia,CZE,137.21587877218,137.675534257221,138.226810266108,138.575928842168
Population density (people per sq. km of land area),EN.POP.DNST,Denmark,DNK,144.1245,144.8409,145.36055,145.7851
Population density (people per sq. km of land area),EN.POP.DNST,Djibouti,DJI,40.7290767903365,41.368550474547,41.9998705780846,42.6230371009491
Population density (people per sq. km of land area),EN.POP.DNST,Dominica,DMA,95.28,95.5013333333333,95.744,95.988
Population density (people per sq. km of land area),EN.POP.DNST,Dominican Republic,DOM,217.617698199131,219.978203270544,222.292630925274,224.547795487477
Population density (people per sq. km of land area),EN.POP.DNST,Ecuador,ECU,67.5847801578354,68.7886898051216,69.9535231116122,71.0382509260751
Population density (people per sq. km of land area),EN.POP.DNST,"Egypt, Arab Rep.",EGY,96.8834095132854,98.8734763172435,100.846929529359,102.802152795218
Population density (people per sq. km of land area),EN.POP.DNST,El Salvador,SLV,308.307142857143,309.881274131274,311.464768339768,313.040588803089
Population density (people per sq. km of land area),EN.POP.DNST,Equatorial Guinea,GNQ,44.9913725490196,46.6654545454545,48.3416042780749,50.0172905525847
Population density (people per sq. km of land area),EN.POP.DNST,Eritrea,ERI,28.1891405202754,28.5171968146012,28.8825671466662,29.2994275510126
Population density (people per sq. km of land area),EN.POP.DNST,Estonia,EST,30.816,30.9234385964912,31.0375438596491,31.0989239766082
Population density (people per sq. km of land area),EN.POP.DNST,Eswatini,SWZ,65.3958139534884,66.0624418604651,66.7519186046512,67.4513953488372
Population density (people per sq. km of land area),EN.POP.DNST,Ethiopia,ETH,94.2799699884672,96.7819803099083,99.3103146386578,101.86648071356
Population density (people per sq. km of land area),EN.POP.DNST,Faroe Islands,FRO,34.6174785100287,34.7399713467049,34.8689111747851,35.7723279648609
Population density (people per sq. km of land area),EN.POP.DNST,Fiji,FJI,48.0273672687466,48.3574165298303,48.7112753147236,49.0664477285167
Population density (people per sq. km of land area),EN.POP.DNST,Finland,FIN,18.1238944459068,18.1479501184522,18.1673609054717,18.1928768835954
Population density (people per sq. km of land area),EN.POP.DNST,France,FRA,122.211970625889,122.547844334015,122.816302229722,123.055513855179
Population density (people per sq. km of land area),EN.POP.DNST,French Polynesia,PYF,79.5471045808124,79.9979832901181,80.4624027657735,80.9288389513109
Population density (people per sq. km of land area),EN.POP.DNST,Gabon,GAB,8.01339698063414,8.22476423332169,8.43162960375674,8.63790119144642
Population density (people per sq. km of land area),EN.POP.DNST,"Gambia, The",GMB,218.764822134387,225.305533596838,231.985770750988,238.800790513834
Population density (people per sq. km of land area),EN.POP.DNST,Georgia,GEO,65.2227859617201,65.197330207495,65.0855698239966,65.1302704783232
Population density (people per sq. km of land area),EN.POP.DNST,Germany,DEU,236.588722557747,237.294012250272,237.822954291766,238.017318755545
Population density (people per sq. km of land area),EN.POP.DNST,Ghana,GHA,127.983932495385,130.821429199262,133.681365913686,136.564564261008
Population density (people per sq. km of land area),EN.POP.DNST,Gibraltar,GIB,3372.3,3371.5,3370.6,3369.1
Population density (people per sq. km of land area),EN.POP.DNST,Greece,GRC,83.4342823894492,83.2651823118697,83.1775174553918,83.0143987587277
Population density (people per sq. km of land area),EN.POP.DNST,Greenland,GRL,0.136852235351444,0.136491655500061,0.136983798270191,0.137329760019491
Population density (people per sq. km of land area),EN.POP.DNST,Grenada,GRD,326.1,327.791176470588,329.417647058824,330.938235294118
Population density (people per sq. km of land area),EN.POP.DNST,Guam,GUM,304.224074074074,306.981481481481,309.805555555556,312.561111111111
Population density (people per sq. km of land area),EN.POP.DNST,Guatemala,GTM,150.125214632325,152.547125793206,154.946117954461,157.319270250093
Population density (people per sq. km of land area),EN.POP.DNST,Guinea,GIN,49.1108416083347,50.5221064626404,51.9747924466873,53.446166368224
Population density (people per sq. km of land area),EN.POP.DNST,Guinea-Bissau,GNB,65.0123044096728,66.6537695590327,68.3114153627312,69.9857041251778
Population density (people per sq. km of land area),EN.POP.DNST,Guyana,GUY,3.93811531623063,3.95736347472695,3.97650495300991,3.99572771145542
Population density (people per sq. km of land area),EN.POP.DNST,Haiti,HTI,398.489368650218,403.598802612482,408.674854862119,413.734869375907
Population density (people per sq. km of land area),EN.POP.DNST,Honduras,HND,84.2704084368576,85.6870408436858,87.1044329251944,88.520940209134
Population density (people per sq. km of land area),EN.POP.DNST,"Hong Kong SAR, China",HKG,7041.14285714286,7097.71428571429,7150.38095238095,7124.7619047619
Population density (people per sq. km of land area),EN.POP.DNST,Hungary,HUN,107.253626999781,107.117729563883,107.069263642341,106.839239535393
Population density (people per sq. km of land area),EN.POP.DNST,Iceland,ISL,3.42543640897756,3.49817514628583,3.5759496181692,3.63446394922146
Population density (people per sq. km of land area),EN.POP.DNST,India,IND,450.24932109956,454.946465917079,459.579695882201,464.149410229417
Population density (people per sq. km of land area),EN.POP.DNST,Indonesia,IDN,140.957811345717,142.566093339135,144.139988463499,145.683543548694
Population density (people per sq. km of land area),EN.POP.DNST,"Iran, Islamic Rep.",IRN,49.7219648690293,50.416150385208,51.1025534668721,51.767613559322
Population density (people per sq. km of land area),EN.POP.DNST,Iraq,IRQ,86.5016515866288,88.5305808425165,90.5488450410939,92.6512526259536
Population density (people per sq. km of land area),EN.POP.DNST,Ireland,IRL,69.7835389751778,70.6534475250399,71.6263608651473,72.3715198141965
Population density (people per sq. km of land area),EN.POP.DNST,Isle of Man,IMN,146.684210526316,147.49649122807,148.401754385965,149.178947368421
Population density (people per sq. km of land area),EN.POP.DNST,Israel,ISR,402.647874306839,410.480591497227,418.391866913124,425.836414048059
Population density (people per sq. km of land area),EN.POP.DNST,Italy,ITA,204.710937447163,204.322225904409,201.980545589195,201.035202575435
Population density (people per sq. km of land area),EN.POP.DNST,Jamaica,JAM,269.69972299169,270.992890120037,272.232409972299,273.422068328717
Population density (people per sq. km of land area),EN.POP.DNST,Japan,JPN,348.345679012346,347.903978052126,347.415637860082,346.395061728395
Population density (people per sq. km of land area),EN.POP.DNST,Jordan,JOR,110.225726514981,112.24737553503,113.765535959637,114.907989278555
Population density (people per sq. km of land area),EN.POP.DNST,Kazakhstan,KAZ,6.68140015557284,6.76980849724043,6.85767789013594,6.94731488683928
Population density (people per sq. km of land area),EN.POP.DNST,Kenya,KEN,88.2404083353832,90.2986435674878,92.3744017289243,94.4781600309238
Population density (people per sq. km of land area),EN.POP.DNST,Kiribati,KIR,140.92962962963,143.014814814815,145.195061728395,147.464197530864
Population density (people per sq. km of land area),EN.POP.DNST,"Korea, Dem. People's Rep.",PRK,211.193555352545,212.188406278548,213.156365750353,214.091977410514
Population density (people per sq. km of land area),EN.POP.DNST,"Korea, Rep.",KOR,526.734806686494,528.969011484824,530.377274590164,531.109006147541
Population density (people per sq. km of land area),EN.POP.DNST,Kosovo,XKX,..,..,..,..
Population density (people per sq. km of land area),EN.POP.DNST,Kuwait,KWT,227.615151515152,232.172502805836,236.087373737374,239.65
Population density (people per sq. km of land area),EN.POP.DNST,Kyrgyz Republic,KGZ,32.3159541188738,32.9655891553702,33.6611053180396,34.3060479666319
Population density (people per sq. km of land area),EN.POP.DNST,Lao PDR,LAO,30.1257842287695,30.5957452339688,31.0635008665511,31.5232062391681
Population density (people per sq. km of land area),EN.POP.DNST,Latvia,LVA,31.2123033409935,30.9700612274415,30.755491989008,30.5391129680219
Population density (people per sq. km of land area),EN.POP.DNST,Lebanon,LBN,666.605376344086,670.518866080156,670.157282502444,667.198631476051
Population density (people per sq. km of land area),EN.POP.DNST,Lesotho,LSO,68.8910408432148,69.4442358366271,70.0022068511199,70.5616600790514
Population density (people per sq. km of land area),EN.POP.DNST,Liberia,LBR,48.8187707641196,50.0308970099668,51.2601121262459,52.5091050664452
Population density (people per sq. km of land area),EN.POP.DNST,Libya,LBY,3.74002466553758,3.79563124452982,3.85183229707765,3.90516100799072
Population density (people per sq. km of land area),EN.POP.DNST,Liechtenstein,LIE,236.28125,236.9875,237.625,238.35625
Population density (people per sq. km of land area),EN.POP.DNST,Lithuania,LTU,45.1525837710126,44.731646175954,44.6205206004471,44.6324656659214
Population density (people per sq. km of land area),EN.POP.DNST,Luxembourg,LUX,231.635372078028,236.146609386046,240.827591028798,244.874264894386
Population density (people per sq. km of land area),EN.POP.DNST,"Macao SAR, China",MAC,20213.5714285714,19198.5714285714,19466.443768997,19736.8389057751
Population density (people per sq. km of land area),EN.POP.DNST,Madagascar,MDG,43.9506892402888,45.1397610862839,46.3549432794775,47.5954262633207
Population density (people per sq. km of land area),EN.POP.DNST,Malawi,MWI,187.422496817989,192.439700890963,197.589616037336,202.905759439966
Population density (people per sq. km of land area),EN.POP.DNST,Malaysia,MYS,94.6725155988434,95.9611413787856,97.2448303150206,98.5116359762593
Population density (people per sq. km of land area),EN.POP.DNST,Maldives,MDV,1654.66,1719.01333333333,1769.85666666667,1801.80666666667
Population density (people per sq. km of land area),EN.POP.DNST,Mali,MLI,15.1717593161721,15.6350691285783,16.1106245748613,16.5964595677722
Population density (people per sq. km of land area),EN.POP.DNST,Malta,MLT,1462.496875,1514.46875,1575.19375,1610.4125
Population density (people per sq. km of land area),EN.POP.DNST,Marshall Islands,MHL,322.516666666667,324.511111111111,326.616666666667,328.855555555556
Population density (people per sq. km of land area),EN.POP.DNST,Mauritania,MRT,4.15502280003881,4.27215678664985,4.39089744833608,4.51116716794412
Population density (people per sq. km of land area),EN.POP.DNST,Mauritius,MUS,622.962068965517,623.30197044335,623.502955665025,623.51724137931
Population density (people per sq. km of land area),EN.POP.DNST,Mexico,MEX,64.1875181974845,64.914623318501,65.626960055557,66.3251385066488
Population density (people per sq. km of land area),EN.POP.DNST,"Micronesia, Fed. Sts.",FSM,159.23,160.914285714286,162.587142857143,164.315714285714
Population density (people per sq. km of land area),EN.POP.DNST,Moldova,MDA,95.9083092561005,94.2895937999394,92.7822051394532,91.2377792323548
Population density (people per sq. km of land area),EN.POP.DNST,Monaco,MCO,18940.3058707449,19083.3744449926,19223.9763196843,19360.6314750863
Population density (people per sq. km of land area),EN.POP.DNST,Mongolia,MNG,1.9995358500603,2.03577063486712,2.07105437891473,2.10483318190681
Population density (people per sq. km of land area),EN.POP.DNST,Montenegro,MNE,46.2730855018587,46.2622304832714,46.2474349442379,46.1937546468401
Population density (people per sq. km of land area),EN.POP.DNST,Morocco,MAR,79.7249764732243,80.7284091418328,81.7202912838898,82.7034685189334
Population density (people per sq. km of land area),EN.POP.DNST,Mozambique,MOZ,36.4315051247489,37.5085950812584,38.6149736768483,39.745968870012
Population density (people per sq. km of land area),EN.POP.DNST,Myanmar,MMR,81.7809590195327,82.2863765895511,82.8028527654359,83.3649378705931
Population density (people per sq. km of land area),EN.POP.DNST,Namibia,NAM,2.918319182791,2.97380024049849,3.02994570564443,3.08629523011333
Population density (people per sq. km of land area),EN.POP.DNST,Nauru,NRU,528.85,533.9,538.2,541.7
Population density (people per sq. km of land area),EN.POP.DNST,Nepal,NPL,192.763739100105,195.993805371468,199.572479944193,203.256421346355
Population density (people per sq. km of land area),EN.POP.DNST,Netherlands,NLD,508.8,511.779744579745,515.143272943273,518.013068013068
Population density (people per sq. km of land area),EN.POP.DNST,New Caledonia,NCL,14.7702407002188,14.8057986870897,14.8413566739606,14.8774617067834
Population density (people per sq. km of land area),EN.POP.DNST,New Zealand,NZL,18.2811135163875,18.6115225399719,18.9100300026585,19.3315863430937
Population density (people per sq. km of land area),EN.POP.DNST,Nicaragua,NIC,53.0566976898787,53.7269569552933,54.3917483795912,55.0486455044042
Population density (people per sq. km of land area),EN.POP.DNST,Niger,NER,17.0540680508408,17.7175582221521,18.4027149285545,19.1099992105471
Population density (people per sq. km of land area),EN.POP.DNST,Nigeria,NGA,209.573489464958,215.064928576918,220.652418283431,226.335504024068
Population density (people per sq. km of land area),EN.POP.DNST,North Macedonia,MKD,82.2562252180809,82.3242268041237,82.3431403647898,82.1780729579699
Population density (people per sq. km of land area),EN.POP.DNST,Northern Mariana Islands,MNP,122.941304347826,123.671739130435,124.376086956522,125.123913043478
Population density (people per sq. km of land area),EN.POP.DNST,Norway,NOR,14.452576255125,14.5488896436123,14.6479975020132,14.7672152298338
Population density (people per sq. km of land area),EN.POP.DNST,Oman,OMN,15.075689822294,15.6041227786753,16.0742875605816,16.4995864297254
Population density (people per sq. km of land area),EN.POP.DNST,Pakistan,PAK,269.699836550436,275.306517227065,280.93259262142,286.545676369863
Population density (people per sq. km of land area),EN.POP.DNST,Palau,PLW,38.7152173913043,38.9369565217391,39.1326086956522,39.3304347826087
Population density (people per sq. km of land area),EN.POP.DNST,Panama,PAN,55.4069616837561,56.3071987058506,57.2450795362631,58.1661903478026
Population density (people per sq. km of land area),EN.POP.DNST,Papua New Guinea,PNG,18.6327739257166,19.0043810449145,19.3793203197456,19.7567173077772
Population density (people per sq. km of land area),EN.POP.DNST,Paraguay,PRY,17.2843141203121,17.5083538887491,17.731283664737,17.9525044047319
Population density (people per sq. km of land area),EN.POP.DNST,Peru,PER,24.56585859375,24.99161328125,25.3987984375,25.7592546875
Population density (people per sq. km of land area),EN.POP.DNST,Philippines,PHL,352.728044404199,357.686534527283,362.600603682463,367.512107187175
Population density (people per sq. km of land area),EN.POP.DNST,Poland,POL,124.0237303635,124.031583760656,124.025595374212,123.800574919152
Population density (people per sq. km of land area),EN.POP.DNST,Portugal,PRT,112.441815784188,112.261935951514,112.288582794065,112.406676011074
Population density (people per sq. km of land area),EN.POP.DNST,Puerto Rico,PRI,374.891319052988,360.017361894025,360.055693348365,369.959188275085
Population density (people per sq. km of land area),EN.POP.DNST,Qatar,QAT,237.138990426458,242.09590948651,246.48137510879,250.74499564839
Population density (people per sq. km of land area),EN.POP.DNST,Romania,ROU,85.1387126216968,84.6399947844228,84.1952712100139,83.6992350486787
Population density (people per sq. km of land area),EN.POP.DNST,Russian Federation,RUS,8.8232207375402,8.82206789209416,8.81769599441163,8.79735498907911
Population density (people per sq. km of land area),EN.POP.DNST,Rwanda,RWA,485.648966355898,498.661086339684,511.833725172274,525.018605593839
Population density (people per sq. km of land area),EN.POP.DNST,Samoa,WSM,70.2726618705036,70.5496402877698,70.8967625899281,71.3705035971223
Population density (people per sq. km of land area),EN.POP.DNST,San Marino,SMR,561.183333333333,563.066666666667,564.4,565.633333333333
Population density (people per sq. km of land area),EN.POP.DNST,Sao Tome and Principe,STP,215.714583333333,219.825,224.008333333333,228.292708333333
Population density (people per sq. km of land area),EN.POP.DNST,Saudi Arabia,SAU,15.3981192637078,15.6779614735148,15.9411491889528,16.1948313477757
Population density (people per sq. km of land area),EN.POP.DNST,Senegal,SEN,80.0880590037916,82.3472913312211,84.6432348205474,86.9679011063211
Population density (people per sq. km of land area),EN.POP.DNST,Serbia,SRB,80.275074319689,79.8376857992225,79.4104161902584,78.8832151840842
Population density (people per sq. km of land area),EN.POP.DNST,Seychelles,SYC,208.354347826087,210.352173913043,212.228260869565,214.047826086957
Population density (people per sq. km of land area),EN.POP.DNST,Sierra Leone,SLE,103.746564145193,105.987101690219,108.246148517595,110.515170407315
Population density (people per sq. km of land area),EN.POP.DNST,Singapore,SGP,7882.37780898876,7897.30532212885,7965.87849162011,7918.95125348189
Population density (people per sq. km of land area),EN.POP.DNST,Sint Maarten (Dutch part),SXM,1193.35294117647,1202.79411764706,1223.76470588235,1244.41176470588
Population density (people per sq. km of land area),EN.POP.DNST,Slovak Republic,SVK,113.128785357737,113.285586522463,113.43899750416,113.536335274542
Population density (people per sq. km of land area),EN.POP.DNST,Slovenia,SVN,102.610871929328,102.992292564709,103.711934605987,104.408881428657
Population density (people per sq. km of land area),EN.POP.DNST,Solomon Islands,SLB,22.7234726688103,23.3246159342622,23.9307252590211,24.5401214719543
Population density (people per sq. km of land area),EN.POP.DNST,Somalia,SOM,23.2555950521248,23.9235900787452,24.616485478369,25.3342987853477
Population density (people per sq. km of land area),EN.POP.DNST,South Africa,ZAF,46.9954834348647,47.640752128861,48.2719888878814,48.8905934431905
Population density (people per sq. km of land area),EN.POP.DNST,South Sudan,SSD,17.2657952621335,17.3688921241277,17.5052838130806,17.7135584637539
Population density (people per sq. km of land area),EN.POP.DNST,Spain,ESP,93.2709101549633,93.6697920792501,94.3508089023978,94.8109077800376
Population density (people per sq. km of land area),EN.POP.DNST,Sri Lanka,LKA,346.46890601522,350.284495021337,352.431694638296,354.332363401229
Population density (people per sq. km of land area),EN.POP.DNST,St. Kitts and Nevis,KNA,200.138461538462,201.684615384615,203.207692307692,204.584615384615
Population density (people per sq. km of land area),EN.POP.DNST,St. Lucia,LCA,296.647540983607,298.180327868852,299.66393442623,301.031147540984
Population density (people per sq. km of land area),EN.POP.DNST,St. Martin (French part),MAF,731.38,745.28,760.04,773.18
Population density (people per sq. km of land area),EN.POP.DNST,St. Vincent and the Grenadines,VCT,281.605128205128,282.589743589744,283.571794871795,284.479487179487
Population density (people per sq. km of land area),EN.POP.DNST,Sudan,SDN,21.8487141327623,22.3776937901499,22.9192917558887,23.4739127408994
Population density (people per sq. km of land area),EN.POP.DNST,Suriname,SUR,3.65705769230769,3.69222435897436,3.7266858974359,3.76047435897436
Population density (people per sq. km of land area),EN.POP.DNST,Sweden,SWE,24.6929419766692,24.9814588688378,25.2376654802124,25.4207233696844
Population density (people per sq. km of land area),EN.POP.DNST,Switzerland,CHE,213.883833978261,215.465192227053,217.007629561978,218.558417938239
Population density (people per sq. km of land area),EN.POP.DNST,Syrian Arab Republic,SYR,93.0984534117519,92.2782878614605,92.9593857212874,95.3039100364864
Population density (people per sq. km of land area),EN.POP.DNST,Tajikistan,TJK,63.9835002521796,65.5727862237913,67.159182938252,68.7199510051156
Population density (people per sq. km of land area),EN.POP.DNST,Tanzania,TZA,61.7073210657033,63.5735425603974,65.4836994806954,67.4353273876722
Population density (people per sq. km of land area),EN.POP.DNST,Thailand,THA,135.46911663959,135.897069819335,136.282920002349,136.624279199045
Population density (people per sq. km of land area),EN.POP.DNST,Timor-Leste,TLS,83.6086079354405,85.2706792199058,86.9616677874916,88.6645595158036
Population density (people per sq. km of land area),EN.POP.DNST,Togo,TGO,141.54212171355,145.046791689649,148.600091928663,152.210645339217
Population density (people per sq. km of land area),EN.POP.DNST,Tonga,TON,141.669444444444,143.331944444444,145.134722222222,146.801388888889
Population density (people per sq. km of land area),EN.POP.DNST,Trinidad and Tobago,TTO,269.797270955166,270.924171539961,271.923781676413,272.805263157895
Population density (people per sq. km of land area),EN.POP.DNST,Tunisia,TUN,73.5931900102987,74.4413169412976,75.2749806900103,76.0724639546859
Population density (people per sq. km of land area),EN.POP.DNST,Turkiye,TUR,105.396685420267,106.986590959292,108.40222834349,109.583913049128
Population density (people per sq. km of land area),EN.POP.DNST,Turkmenistan,TKM,12.2521801119316,12.4505820015747,12.6446364352138,12.8342242461643
Population density (people per sq. km of land area),EN.POP.DNST,Turks and Caicos Islands,TCA,39.0694736842105,39.6494736842105,40.2042105263158,40.7557894736842
Population density (people per sq. km of land area),EN.POP.DNST,Tuvalu,TUV,378.833333333333,383.5,388.5,393.066666666667
Population density (people per sq. km of land area),EN.POP.DNST,Uganda,UGA,205.299162178336,213.091123079992,220.773922800718,228.111909036505
Population density (people per sq. km of land area),EN.POP.DNST,Ukraine,UKR,77.388460210599,77.015046599931,76.6071850189852,76.1685346910597
Population density (people per sq. km of land area),EN.POP.DNST,United Arab Emirates,ARE,133.584990143622,135.609208673613,137.574288932695,139.262179667699
Population density (people per sq. km of land area),EN.POP.DNST,United Kingdom,GBR,273.049472988054,274.708981936924,276.263080229819,277.274418220146
Population density (people per sq. km of land area),EN.POP.DNST,United States,USA,35.5424948236771,35.7300964643583,35.8931756713915,36.2398446775156
Population density (people per sq. km of land area),EN.POP.DNST,Uruguay,URY,19.6357273454462,19.7079762312879,19.779059536053,19.8476002742544
Population density (people per sq. km of land area),EN.POP.DNST,Uzbekistan,UZB,73.51221549384,74.8004366901429,76.2228325634711,77.6853511857483
Population density (people per sq. km of land area),EN.POP.DNST,Vanuatu,VUT,23.4207547169811,24.0094339622642,24.6006562756358,25.1968826907301
Population density (people per sq. km of land area),EN.POP.DNST,"Venezuela, RB",VEN,33.3342554276968,32.7499767586871,32.3290391701151,32.2384706082422
Population density (people per sq. km of land area),EN.POP.DNST,Vietnam,VNM,301.849832324515,304.840837956922,307.763825300148,310.560232141889
Population density (people per sq. km of land area),EN.POP.DNST,Virgin Islands (U.S.),VIR,306.517142857143,305.717142857143,304.768571428571,303.685714285714
Population density (people per sq. km of land area),EN.POP.DNST,West Bank and Gaza,PSE,740.000830564784,758.984551495017,778.290033222591,797.885215946844
Population density (people per sq. km of land area),EN.POP.DNST,"Yemen, Rep.",YEM,52.7204405553346,53.9778453321211,55.2340511771502,56.4917855181166
Population density (people per sq. km of land area),EN.POP.DNST,Zambia,ZMB,22.671286942251,23.341333620307,24.0264652470439,24.7298941336311
Population density (people per sq. km of land area),EN.POP.DNST,Zimbabwe,ZWE,36.8013416052734,37.3240584205764,37.8582732325191,38.4203877471888
Population density (people per sq. km of land area),EN.POP.DNST,Africa Eastern and Southern,AFE,42.1951621028476,43.3198805539356,44.4620445393142,45.6205916725422
Population density (people per sq. km of land area),EN.POP.DNST,Africa Western and Central,AFW,46.8472514255266,48.1140798250676,49.4055347355341,50.720206664483
Population density (people per sq. km of land area),EN.POP.DNST,Arab World,ARB,31.4447449835999,32.0484735350402,32.6604891383543,33.2872101772223
Population density (people per sq. km of land area),EN.POP.DNST,Caribbean small states,CSS,18.0683117203903,18.1769272570088,18.2818056070149,18.3828356181302
Population density (people per sq. km of land area),EN.POP.DNST,Central Europe and the Baltics,CEB,92.969024254002,92.7893185519725,92.6689157912236,92.4632535349865
Population density (people per sq. km of land area),EN.POP.DNST,Early-demographic dividend,EAR,96.2602620256248,97.5189202897043,98.7761173458007,100.031168241936
Population density (people per sq. km of land area),EN.POP.DNST,East Asia & Pacific,EAS,94.8403390619259,95.4265565576474,95.9421284252985,96.3652327237388
Population density (people per sq. km of land area),EN.POP.DNST,East Asia & Pacific (excluding high income),EAP,129.687637883581,130.543435548507,131.293884259154,131.934059865117
Population density (people per sq. km of land area),EN.POP.DNST,East Asia & Pacific (IDA & IBRD countries),TEA,129.069127462479,129.923897223692,130.67272237433,131.310688453027
Population density (people per sq. km of land area),EN.POP.DNST,Euro area,EMU,127.322312994737,127.604075961081,127.718741859167,127.877344310372
Population density (people per sq. km of land area),EN.POP.DNST,Europe & Central Asia,ECS,33.326375064921,33.4502677166398,33.5516526778703,33.631558207268
Population density (people per sq. km of land area),EN.POP.DNST,Europe & Central Asia (excluding high income),ECA,17.6482613409531,17.744135178979,17.8325787539915,17.899914953792
Population density (people per sq. km of land area),EN.POP.DNST,Europe & Central Asia (IDA & IBRD countries),TEC,19.8770225648921,19.9638457002485,20.0442305626316,20.1011910607944
Population density (people per sq. km of land area),EN.POP.DNST,European Union,EUU,111.643628037035,111.825043425714,111.899026490369,111.969269294099
Population density (people per sq. km of land area),EN.POP.DNST,Fragile and conflict affected situations,FCS,44.0470068492532,44.9871442463339,45.9611994285164,46.9849208190134
Population density (people per sq. km of land area),EN.POP.DNST,Heavily indebted poor countries (HIPC),HPC,39.1397025502266,40.2290535219361,41.336208997549,42.4588795765242
Population density (people per sq. km of land area),EN.POP.DNST,High income,HIC,34.7311315961553,34.8921193848588,35.0338344043755,35.2007594015276
Population density (people per sq. km of land area),EN.POP.DNST,IBRD only,IBD,66.7819049028815,67.3632815268603,67.9109247602184,68.4198602152256
Population density (people per sq. km of land area),EN.POP.DNST,IDA & IBRD total,IBT,66.0110780618755,66.8186953507663,67.6101251831041,68.3810513929108
Population density (people per sq. km of land area),EN.POP.DNST,IDA blend,IDB,122.446081224151,125.241342968058,128.080448623283,130.948437492873
Population density (people per sq. km of land area),EN.POP.DNST,IDA only,IDX,51.3701600953544,52.5344631874198,53.7303671401691,54.9575121662512
Population density (people per sq. km of land area),EN.POP.DNST,IDA total,IDA,63.8222081607312,65.2722622140767,66.7559602258881,68.270847662891
Population density (people per sq. km of land area),EN.POP.DNST,Late-demographic dividend,LTE,51.2861520356188,51.5666216205341,51.8055973061352,51.9911700254196
Population density (people per sq. km of land area),EN.POP.DNST,Latin America & Caribbean,LCN,31.6666792421947,31.9618976115551,32.2587108226067,32.5548136681608
Population density (people per sq. km of land area),EN.POP.DNST,Latin America & Caribbean (excluding high income),LAC,31.5959453394396,31.9383624107195,32.2692988675974,32.5819747406634
Population density (people per sq. km of land area),EN.POP.DNST,Latin America & the Caribbean (IDA & IBRD countries),TLA,31.0671776388697,31.37062567492,31.6692524035989,31.9629264047977
Population density (people per sq. km of land area),EN.POP.DNST,Least developed countries: UN classification,LDC,48.3424271998246,49.4847126104662,50.6460797642353,51.824890450928
Population density (people per sq. km of land area),EN.POP.DNST,Low & middle income,LMY,66.7632147648371,67.5960222167266,68.4108110916947,69.2028392431281
Population density (people per sq. km of land area),EN.POP.DNST,Low income,LIC,40.1551864797704,41.2152565532345,42.3104587447363,43.4419148879831
Population density (people per sq. km of land area),EN.POP.DNST,Lower middle income,LMC,128.180945157944,129.994239670387,131.80048277367,133.596745318173
Population density (people per sq. km of land area),EN.POP.DNST,Middle East & North Africa,MEA,39.3416667194136,40.0259133185089,40.7154479952316,41.4137378368827
Population density (people per sq. km of land area),EN.POP.DNST,Middle East & North Africa (excluding high income),MNA,43.6127289839787,44.3500580034648,45.1029711831472,45.877828120326
Population density (people per sq. km of land area),EN.POP.DNST,Middle East & North Africa (IDA & IBRD countries),TMN,43.1268848342801,43.851484022882,44.5914545935176,45.353181308737
Population density (people per sq. km of land area),EN.POP.DNST,Middle income,MIC,72.122630092612,72.9096656144015,73.6679793683276,74.3916060506534
Population density (people per sq. km of land area),EN.POP.DNST,North America,NAC,19.9707369774655,20.0941818015991,20.2061392815705,20.4052819004007
Population density (people per sq. km of land area),EN.POP.DNST,Not classified,INX,..,..,..,..
Population density (people per sq. km of land area),EN.POP.DNST,OECD members,OED,38.0253078713764,38.2512176394578,38.4482631982629,38.666129220823
Population density (people per sq. km of land area),EN.POP.DNST,Other small states,OSS,14.8444986053565,15.1412972586105,15.4369815570664,15.716880967687
Population density (people per sq. km of land area),EN.POP.DNST,Pacific island small states,PSS,37.7204520654715,38.2749181605612,38.8445518316446,39.4225720966485
Population density (people per sq. km of land area),EN.POP.DNST,Post-demographic dividend,PST,35.2878876134296,35.411518823902,35.5113936163725,35.6442289346457
Population density (people per sq. km of land area),EN.POP.DNST,Pre-demographic dividend,PRE,44.0457502095081,45.275391003221,46.5269484794332,47.8020077707731
Population density (people per sq. km of land area),EN.POP.DNST,Small states,SST,15.9535665213991,16.2262524289549,16.4980712351294,16.7566582925626
Population density (people per sq. km of land area),EN.POP.DNST,South Asia,SAS,375.854120524754,380.37900440324,384.848819049789,389.27372938207
Population density (people per sq. km of land area),EN.POP.DNST,South Asia (IDA & IBRD),TSA,375.854120524754,380.37900440324,384.848819049789,389.27372938207
Population density (people per sq. km of land area),EN.POP.DNST,Sub-Saharan Africa,SSF,43.956575445951,45.1350996192145,46.3337883990154,47.5514510016771
Population density (people per sq. km of land area),EN.POP.DNST,Sub-Saharan Africa (excluding high income),SSA,43.9534100405568,45.1319184405387,46.3305941789889,47.5482451860847
Population density (people per sq. km of land area),EN.POP.DNST,Sub-Saharan Africa (IDA & IBRD countries),TSS,43.956575445951,45.1350996192145,46.3337883990154,47.5514510016771
Population density (people per sq. km of land area),EN.POP.DNST,Upper middle income,UMC,45.9847959110915,46.2932725085074,46.5630070881832,46.7861714966273
Population density (people per sq. km of land area),EN.POP.DNST,World,WLD,57.8503340306003,58.4912305892337,59.1151233340872,59.731828467594
Population in urban agglomerations of more than 1 million (% of total population),EN.URB.MCTY.TL.ZS,Afghanistan,AFG,10.7815875921252,10.7924739538623,10.8145110122017,10.8443665760121
Population in urban agglomerations of more than 1 million (% of total population),EN.URB.MCTY.TL.ZS,Albania,ALB,..,..,..,..
Population in urban agglomerations of more than 1 million (% of total population),EN.URB.MCTY.TL.ZS,Algeria,DZA,6.42528647708698,6.37850603675274,6.3394457452426,6.31150552108875
Population in urban agglomerations of more than 1 million (% of total population),EN.URB.MCTY.TL.ZS,American Samoa,ASM,..,..,..,..
Population in urban agglomerations of more than 1 million (% of total population),EN.URB.MCTY.TL.ZS,Andorra,AND,..,..,..,..
Population in urban agglomerations of more than 1 million (% of total population),EN.URB.MCTY.TL.ZS,Angola,AGO,25.2050951597069,25.2328910939891,25.2777986469192,25.3445204061502
Population in urban agglomerations of more than 1 million (% of total population),EN.URB.MCTY.TL.ZS,Antigua and Barbuda,ATG,..,..,..,..
Population in urban agglomerations of more than 1 million (% of total population),EN.URB.MCTY.TL.ZS,Argentina,ARG,43.1279998000218,43.0081024392632,42.9040289361208,42.8201985231957
Population in urban agglomerations of more than 1 million (% of total population),EN.URB.MCTY.TL.ZS,Armenia,ARM,36.5832322791208,36.5995526030231,36.6268635925954,36.658427920306
Population in urban agglomerations of more than 1 million (% of total population),EN.URB.MCTY.TL.ZS,Aruba,ABW,..,..,..,..
Population in urban agglomerations of more than 1 million (% of total population),EN.URB.MCTY.TL.ZS,Australia,AUS,60.6631246580543,60.8916182277904,60.8958617221769,61.0209048152576
Population in urban agglomerations of more than 1 million (% of total population),EN.URB.MCTY.TL.ZS,Austria,AUT,21.3519966772628,21.4981334244893,21.5693159397832,21.6437527812469
Population in urban agglomerations of more than 1 million (% of total population),EN.URB.MCTY.TL.ZS,Azerbaijan,AZE,22.9243295613075,22.9957913517323,23.0753461369756,23.1984041408005
Population in urban agglomerations of more than 1 million (% of total population),EN.URB.MCTY.TL.ZS,"Bahamas, The",BHS,..,..,..,..
Population in urban agglomerations of more than 1 million (% of total population),EN.URB.MCTY.TL.ZS,Bahrain,BHR,..,..,..,..
Population in urban agglomerations of more than 1 million (% of total population),EN.URB.MCTY.TL.ZS,Bangladesh,BGD,14.7884120241634,15.1161623920299,15.454631369974,15.8028911918384
Population in urban agglomerations of more than 1 million (% of total population),EN.URB.MCTY.TL.ZS,Barbados,BRB,..,..,..,..
Population in urban agglomerations of more than 1 million (% of total population),EN.URB.MCTY.TL.ZS,Belarus,BLR,20.9818935194871,21.2386657816658,21.4090107198083,21.6216884691947
Population in urban agglomerations of more than 1 million (% of total population),EN.URB.MCTY.TL.ZS,Belgium,BEL,26.9085405231294,26.9686220087872,27.0049647575329,27.0546933315062
Population in urban agglomerations of more than 1 million (% of total population),EN.URB.MCTY.TL.ZS,Belize,BLZ,..,..,..,..
Population in urban agglomerations of more than 1 million (% of total population),EN.URB.MCTY.TL.ZS,Benin,BEN,..,..,..,..
Population in urban agglomerations of more than 1 million (% of total population),EN.URB.MCTY.TL.ZS,Bermuda,BMU,..,..,..,..
Population in urban agglomerations of more than 1 million (% of total population),EN.URB.MCTY.TL.ZS,Bhutan,BTN,..,..,..,..
Population in urban agglomerations of more than 1 million (% of total population),EN.URB.MCTY.TL.ZS,Bolivia,BOL,41.0761313491743,41.3356216870399,41.5432435150839,41.7577305770422
Population in urban agglomerations of more than 1 million (% of total population),EN.URB.MCTY.TL.ZS,Bosnia and Herzegovina,BIH,..,..,..,..
Population in urban agglomerations of more than 1 million (% of total population),EN.URB.MCTY.TL.ZS,Botswana,BWA,..,..,..,..
Population in urban agglomerations of more than 1 million (% of total population),EN.URB.MCTY.TL.ZS,Brazil,BRA,41.6743304416401,41.9461957483798,42.1045612522813,42.2700558976432
Population in urban agglomerations of more than 1 million (% of total population),EN.URB.MCTY.TL.ZS,British Virgin Islands,VGB,..,..,..,..
Population in urban agglomerations of more than 1 million (% of total population),EN.URB.MCTY.TL.ZS,Brunei Darussalam,BRN,..,..,..,..
Population in urban agglomerations of more than 1 million (% of total population),EN.URB.MCTY.TL.ZS,Bulgaria,BGR,17.9034693165452,18.1126163463623,18.3053433166647,18.4736837171538
Population in urban agglomerations of more than 1 million (% of total population),EN.URB.MCTY.TL.ZS,Burkina Faso,BFA,12.5869915839101,12.8161676707947,13.0538359520117,13.3009329924235
Population in urban agglomerations of more than 1 million (% of total population),EN.URB.MCTY.TL.ZS,Burundi,BDI,..,..,..,..
Population in urban agglomerations of more than 1 million (% of total population),EN.URB.MCTY.TL.ZS,Cabo Verde,CPV,..,..,..,..
Population in urban agglomerations of more than 1 million (% of total population),EN.URB.MCTY.TL.ZS,Cambodia,KHM,11.8218887850541,12.0144838750273,12.216115423113,12.4275411447271
Population in urban agglomerations of more than 1 million (% of total population),EN.URB.MCTY.TL.ZS,Cameroon,CMR,27.3450087865092,28.0285764808669,28.4372930424947,28.8392873556498
Population in urban agglomerations of more than 1 million (% of total population),EN.URB.MCTY.TL.ZS,Canada,CAN,45.941238414769,45.924808911805,45.7730877420765,45.7450237404411
Population in urban agglomerations of more than 1 million (% of total population),EN.URB.MCTY.TL.ZS,Cayman Islands,CYM,..,..,..,..
Population in urban agglomerations of more than 1 million (% of total population),EN.URB.MCTY.TL.ZS,Central African Republic,CAF,..,..,..,..
Population in urban agglomerations of more than 1 million (% of total population),EN.URB.MCTY.TL.ZS,Chad,TCD,8.49534729892818,8.54569278809479,8.60057784336775,8.66041161074133
Population in urban agglomerations of more than 1 million (% of total population),EN.URB.MCTY.TL.ZS,Channel Islands,CHI,..,..,..,..
Population in urban agglomerations of more than 1 million (% of total population),EN.URB.MCTY.TL.ZS,Chile,CHL,35.8819486384592,35.6682780215627,35.4764857705254,35.4004447220681
Population in urban agglomerations of more than 1 million (% of total population),EN.URB.MCTY.TL.ZS,China,CHN,27.0795983426621,27.68816041233,28.3415047469535,29.0349980865991
Population in urban agglomerations of more than 1 million (% of total population),EN.URB.MCTY.TL.ZS,Colombia,COL,43.5185603945087,43.8858650126167,43.9304463499924,44.0768884090768
Population in urban agglomerations of more than 1 million (% of total population),EN.URB.MCTY.TL.ZS,Comoros,COM,..,..,..,..
Population in urban agglomerations of more than 1 million (% of total population),EN.URB.MCTY.TL.ZS,"Congo, Dem. Rep.",COD,23.8531849961114,24.0990053634142,24.3594707203668,24.6374811185407
Population in urban agglomerations of more than 1 million (% of total population),EN.URB.MCTY.TL.ZS,"Congo, Rep.",COG,63.1307525132071,64.2080267899076,64.7446596080962,65.282909382446
Population in urban agglomerations of more than 1 million (% of total population),EN.URB.MCTY.TL.ZS,Costa Rica,CRI,27.0151344810205,27.1579253928888,27.3111310591393,27.475415744524
Population in urban agglomerations of more than 1 million (% of total population),EN.URB.MCTY.TL.ZS,Cote d'Ivoire,CIV,19.5928261819194,19.6287512027695,19.6704037407189,19.7236627489857
Population in urban agglomerations of more than 1 million (% of total population),EN.URB.MCTY.TL.ZS,Croatia,HRV,..,..,..,..
Population in urban agglomerations of more than 1 million (% of total population),EN.URB.MCTY.TL.ZS,Cuba,CUB,18.8037573897051,18.8431865315546,18.8681521057426,18.8972858265876
Population in urban agglomerations of more than 1 million (% of total population),EN.URB.MCTY.TL.ZS,Curacao,CUW,..,..,..,..
Population in urban agglomerations of more than 1 million (% of total population),EN.URB.MCTY.TL.ZS,Cyprus,CYP,..,..,..,..
Population in urban agglomerations of more than 1 million (% of total population),EN.URB.MCTY.TL.ZS,Czechia,CZE,12.1210959939546,12.1501481477579,12.1703506508231,12.2055929327161
Population in urban agglomerations of more than 1 million (% of total population),EN.URB.MCTY.TL.ZS,Denmark,DNK,22.618881591957,22.7978768427979,22.9410249204478,23.0902369309346
Population in urban agglomerations of more than 1 million (% of total population),EN.URB.MCTY.TL.ZS,Djibouti,DJI,..,..,..,..
Population in urban agglomerations of more than 1 million (% of total population),EN.URB.MCTY.TL.ZS,Dominica,DMA,..,..,..,..
Population in urban agglomerations of more than 1 million (% of total population),EN.URB.MCTY.TL.ZS,Dominican Republic,DOM,29.4343415569378,29.8495165259312,30.2172827398415,30.5845626952451
Population in urban agglomerations of more than 1 million (% of total population),EN.URB.MCTY.TL.ZS,Ecuador,ECU,27.6244662311601,27.6345925533407,27.5929586960304,27.5914778955578
Population in urban agglomerations of more than 1 million (% of total population),EN.URB.MCTY.TL.ZS,"Egypt, Arab Rep.",EGY,25.5422443549059,25.5652521231645,25.5681909871447,25.5840335532128
Population in urban agglomerations of more than 1 million (% of total population),EN.URB.MCTY.TL.ZS,El Salvador,SLV,17.2843701844235,17.2362998657476,17.1326169317662,17.047976157384
Population in urban agglomerations of more than 1 million (% of total population),EN.URB.MCTY.TL.ZS,Equatorial Guinea,GNQ,..,..,..,..
Population in urban agglomerations of more than 1 million (% of total population),EN.URB.MCTY.TL.ZS,Eritrea,ERI,..,..,..,..
Population in urban agglomerations of more than 1 million (% of total population),EN.URB.MCTY.TL.ZS,Estonia,EST,..,..,..,..
Population in urban agglomerations of more than 1 million (% of total population),EN.URB.MCTY.TL.ZS,Eswatini,SWZ,..,..,..,..
Population in urban agglomerations of more than 1 million (% of total population),EN.URB.MCTY.TL.ZS,Ethiopia,ETH,3.96237587608849,4.02810507284956,4.09710488592541,4.16975434733971
Population in urban agglomerations of more than 1 million (% of total population),EN.URB.MCTY.TL.ZS,Faroe Islands,FRO,..,..,..,..
Population in urban agglomerations of more than 1 million (% of total population),EN.URB.MCTY.TL.ZS,Fiji,FJI,..,..,..,..
Population in urban agglomerations of more than 1 million (% of total population),EN.URB.MCTY.TL.ZS,Finland,FIN,22.8726589054093,23.1908295221216,23.4031910281175,23.5978090775314
Population in urban agglomerations of more than 1 million (% of total population),EN.URB.MCTY.TL.ZS,France,FRA,22.6627551143922,22.7181885826533,22.7881959036788,22.867082276218
Population in urban agglomerations of more than 1 million (% of total population),EN.URB.MCTY.TL.ZS,French Polynesia,PYF,..,..,..,..
Population in urban agglomerations of more than 1 million (% of total population),EN.URB.MCTY.TL.ZS,Gabon,GAB,..,..,..,..
Population in urban agglomerations of more than 1 million (% of total population),EN.URB.MCTY.TL.ZS,"Gambia, The",GMB,..,..,..,..
Population in urban agglomerations of more than 1 million (% of total population),EN.URB.MCTY.TL.ZS,Georgia,GEO,28.9054679125881,28.909669509243,28.9596606168389,28.9528666704632
Population in urban agglomerations of more than 1 million (% of total population),EN.URB.MCTY.TL.ZS,Germany,DEU,9.55008627097315,9.58303125347759,9.60016324848307,9.63083106717341
Population in urban agglomerations of more than 1 million (% of total population),EN.URB.MCTY.TL.ZS,Ghana,GHA,18.1845596773569,18.4905668363887,18.6758515343191,18.8655018055096
Population in urban agglomerations of more than 1 million (% of total population),EN.URB.MCTY.TL.ZS,Gibraltar,GIB,..,..,..,..
Population in urban agglomerations of more than 1 million (% of total population),EN.URB.MCTY.TL.ZS,Greece,GRC,29.3588585954076,29.4012363128561,29.4187182451246,29.4690761863215
Population in urban agglomerations of more than 1 million (% of total population),EN.URB.MCTY.TL.ZS,Greenland,GRL,..,..,..,..
Population in urban agglomerations of more than 1 million (% of total population),EN.URB.MCTY.TL.ZS,Grenada,GRD,..,..,..,..
Population in urban agglomerations of more than 1 million (% of total population),EN.URB.MCTY.TL.ZS,Guam,GUM,..,..,..,..
Population in urban agglomerations of more than 1 million (% of total population),EN.URB.MCTY.TL.ZS,Guatemala,GTM,17.4858140691067,17.4411985110372,17.4128250582118,17.4088446348758
Population in urban agglomerations of more than 1 million (% of total population),EN.URB.MCTY.TL.ZS,Guinea,GIN,14.9076661675858,14.8467669360444,14.7928635937324,14.7590245851758
Population in urban agglomerations of more than 1 million (% of total population),EN.URB.MCTY.TL.ZS,Guinea-Bissau,GNB,..,..,..,..
Population in urban agglomerations of more than 1 million (% of total population),EN.URB.MCTY.TL.ZS,Guyana,GUY,..,..,..,..
Population in urban agglomerations of more than 1 million (% of total population),EN.URB.MCTY.TL.ZS,Haiti,HTI,23.391869894714,23.7051121068493,24.0093050932165,24.3240076568952
Population in urban agglomerations of more than 1 million (% of total population),EN.URB.MCTY.TL.ZS,Honduras,HND,13.9803877732311,14.2168211747706,14.3971418354903,14.5799308766182
Population in urban agglomerations of more than 1 million (% of total population),EN.URB.MCTY.TL.ZS,"Hong Kong SAR, China",HKG,99.6169858789158,99.6818157421571,99.7719202440096,100
Population in urban agglomerations of more than 1 million (% of total population),EN.URB.MCTY.TL.ZS,Hungary,HUN,17.9297210472533,17.9989308033787,18.0522725032829,18.1338049295452
Population in urban agglomerations of more than 1 million (% of total population),EN.URB.MCTY.TL.ZS,Iceland,ISL,..,..,..,..
Population in urban agglomerations of more than 1 million (% of total population),EN.URB.MCTY.TL.ZS,India,IND,15.1795256470942,15.4347958528219,15.674520772255,15.9195281832383
Population in urban agglomerations of more than 1 million (% of total population),EN.URB.MCTY.TL.ZS,Indonesia,IDN,13.2761558110902,13.3830517155625,13.4993764280963,13.6251453763841
Population in urban agglomerations of more than 1 million (% of total population),EN.URB.MCTY.TL.ZS,"Iran, Islamic Rep.",IRN,25.9987705067593,25.9887420329661,25.9914390945315,26.014296699391
Population in urban agglomerations of more than 1 million (% of total population),EN.URB.MCTY.TL.ZS,Iraq,IRQ,25.050525541525,25.0774634614022,25.126517468715,25.175961824156
Population in urban agglomerations of more than 1 million (% of total population),EN.URB.MCTY.TL.ZS,Ireland,IRL,24.7206591188396,24.6835422232705,24.6165849941431,24.6341618003905
Population in urban agglomerations of more than 1 million (% of total population),EN.URB.MCTY.TL.ZS,Isle of Man,IMN,..,..,..,..
Population in urban agglomerations of more than 1 million (% of total population),EN.URB.MCTY.TL.ZS,Israel,ISR,57.7175582156014,57.930157157653,57.85075104926,57.8280322514134
Population in urban agglomerations of more than 1 million (% of total population),EN.URB.MCTY.TL.ZS,Italy,ITA,18.6325143641357,18.7441544238367,19.0043389416958,19.1359857244953
Population in urban agglomerations of more than 1 million (% of total population),EN.URB.MCTY.TL.ZS,Jamaica,JAM,..,..,..,..
Population in urban agglomerations of more than 1 million (% of total population),EN.URB.MCTY.TL.ZS,Japan,JPN,64.2693444223923,64.4843743839257,64.5301888133425,64.6611962522077
Population in urban agglomerations of more than 1 million (% of total population),EN.URB.MCTY.TL.ZS,Jordan,JOR,20.0911521136663,20.7176647177081,20.8728196856429,21.0552143751825
Population in urban agglomerations of more than 1 million (% of total population),EN.URB.MCTY.TL.ZS,Kazakhstan,KAZ,15.4084904923977,15.8516434152537,16.0985343102906,16.3242670241622
Population in urban agglomerations of more than 1 million (% of total population),EN.URB.MCTY.TL.ZS,Kenya,KEN,10.7488128606225,10.8960906216599,11.0514620287261,11.2157526412789
Population in urban agglomerations of more than 1 million (% of total population),EN.URB.MCTY.TL.ZS,Kiribati,KIR,..,..,..,..
Population in urban agglomerations of more than 1 million (% of total population),EN.URB.MCTY.TL.ZS,"Korea, Dem. People's Rep.",PRK,11.8566803629252,11.8900541949649,11.9256805011486,11.9642582484881
Population in urban agglomerations of more than 1 million (% of total population),EN.URB.MCTY.TL.ZS,"Korea, Rep.",KOR,50.1542339419575,50.1949556788324,50.1573713515329,50.2267168727268
Population in urban agglomerations of more than 1 million (% of total population),EN.URB.MCTY.TL.ZS,Kosovo,XKX,..,..,..,..
Population in urban agglomerations of more than 1 million (% of total population),EN.URB.MCTY.TL.ZS,Kuwait,KWT,70.0602450332857,72.2514655643734,72.5561476531093,72.9307353620588
Population in urban agglomerations of more than 1 million (% of total population),EN.URB.MCTY.TL.ZS,Kyrgyz Republic,KGZ,..,..,..,..
Population in urban agglomerations of more than 1 million (% of total population),EN.URB.MCTY.TL.ZS,Lao PDR,LAO,..,..,..,..
Population in urban agglomerations of more than 1 million (% of total population),EN.URB.MCTY.TL.ZS,Latvia,LVA,..,..,..,..
Population in urban agglomerations of more than 1 million (% of total population),EN.URB.MCTY.TL.ZS,Lebanon,LBN,34.1951818737588,34.7737151660901,35.107601562435,35.5204102532847
Population in urban agglomerations of more than 1 million (% of total population),EN.URB.MCTY.TL.ZS,Lesotho,LSO,..,..,..,..
Population in urban agglomerations of more than 1 million (% of total population),EN.URB.MCTY.TL.ZS,Liberia,LBR,29.0708396707601,29.4315638841115,29.7126772247758,29.9986535320464
Population in urban agglomerations of more than 1 million (% of total population),EN.URB.MCTY.TL.ZS,Libya,LBY,17.4711805982413,17.3352509109367,17.129119154349,16.9558483003257
Population in urban agglomerations of more than 1 million (% of total population),EN.URB.MCTY.TL.ZS,Liechtenstein,LIE,..,..,..,..
Population in urban agglomerations of more than 1 million (% of total population),EN.URB.MCTY.TL.ZS,Lithuania,LTU,..,..,..,..
Population in urban agglomerations of more than 1 million (% of total population),EN.URB.MCTY.TL.ZS,Luxembourg,LUX,..,..,..,..
Population in urban agglomerations of more than 1 million (% of total population),EN.URB.MCTY.TL.ZS,"Macao SAR, China",MAC,..,..,..,..
Population in urban agglomerations of more than 1 million (% of total population),EN.URB.MCTY.TL.ZS,Madagascar,MDG,11.3566443783622,11.6455355626902,11.9038509926803,12.1649008293989
Population in urban agglomerations of more than 1 million (% of total population),EN.URB.MCTY.TL.ZS,Malawi,MWI,5.58259324049262,5.67506365327204,5.76901326009599,5.86368342215128
Population in urban agglomerations of more than 1 million (% of total population),EN.URB.MCTY.TL.ZS,Malaysia,MYS,23.5287772843004,23.9910685198788,24.3516506478337,24.7075032260708
Population in urban agglomerations of more than 1 million (% of total population),EN.URB.MCTY.TL.ZS,Maldives,MDV,..,..,..,..
Population in urban agglomerations of more than 1 million (% of total population),EN.URB.MCTY.TL.ZS,Mali,MLI,12.7932806656544,12.8251411133019,12.8666448299506,12.926312071888
Population in urban agglomerations of more than 1 million (% of total population),EN.URB.MCTY.TL.ZS,Malta,MLT,..,..,..,..
Population in urban agglomerations of more than 1 million (% of total population),EN.URB.MCTY.TL.ZS,Marshall Islands,MHL,..,..,..,..
Population in urban agglomerations of more than 1 million (% of total population),EN.URB.MCTY.TL.ZS,Mauritania,MRT,26.9475283835779,27.3751666927077,27.818316644195,28.2738092677744
Population in urban agglomerations of more than 1 million (% of total population),EN.URB.MCTY.TL.ZS,Mauritius,MUS,..,..,..,..
Population in urban agglomerations of more than 1 million (% of total population),EN.URB.MCTY.TL.ZS,Mexico,MEX,40.6726643589076,40.7090440251016,40.7680543499843,40.8521812917467
Population in urban agglomerations of more than 1 million (% of total population),EN.URB.MCTY.TL.ZS,"Micronesia, Fed. Sts.",FSM,..,..,..,..
Population in urban agglomerations of more than 1 million (% of total population),EN.URB.MCTY.TL.ZS,Moldova,MDA,..,..,..,..
Population in urban agglomerations of more than 1 million (% of total population),EN.URB.MCTY.TL.ZS,Monaco,MCO,..,..,..,..
Population in urban agglomerations of more than 1 million (% of total population),EN.URB.MCTY.TL.ZS,Mongolia,MNG,47.0998346708254,47.9583081773029,48.141832079341,48.3287638807037
Population in urban agglomerations of more than 1 million (% of total population),EN.URB.MCTY.TL.ZS,Montenegro,MNE,..,..,..,..
Population in urban agglomerations of more than 1 million (% of total population),EN.URB.MCTY.TL.ZS,Morocco,MAR,21.7038200758337,21.7316013735457,21.7739332940445,21.8343000937564
Population in urban agglomerations of more than 1 million (% of total population),EN.URB.MCTY.TL.ZS,Mozambique,MOZ,9.44315452190018,9.27977408740281,9.13208876112044,9.01079444263054
Population in urban agglomerations of more than 1 million (% of total population),EN.URB.MCTY.TL.ZS,Myanmar,MMR,11.9720404362319,12.1610995153488,12.3041133807781,12.4414255271762
Population in urban agglomerations of more than 1 million (% of total population),EN.URB.MCTY.TL.ZS,Namibia,NAM,..,..,..,..
Population in urban agglomerations of more than 1 million (% of total population),EN.URB.MCTY.TL.ZS,Nauru,NRU,..,..,..,..
Population in urban agglomerations of more than 1 million (% of total population),EN.URB.MCTY.TL.ZS,Nepal,NPL,4.62301487781751,4.73286457378265,4.81010069833615,4.88562439646786
Population in urban agglomerations of more than 1 million (% of total population),EN.URB.MCTY.TL.ZS,Netherlands,NLD,12.4347451588018,12.4159510444285,12.3898622728536,12.3785110225611
Population in urban agglomerations of more than 1 million (% of total population),EN.URB.MCTY.TL.ZS,New Caledonia,NCL,..,..,..,..
Population in urban agglomerations of more than 1 million (% of total population),EN.URB.MCTY.TL.ZS,New Zealand,NZL,31.6949060993851,31.7690690935804,31.7727345758355,31.5619032650976
Population in urban agglomerations of more than 1 million (% of total population),EN.URB.MCTY.TL.ZS,Nicaragua,NIC,16.3002911739568,16.2079139407891,16.1251472957846,16.0568998305395
Population in urban agglomerations of more than 1 million (% of total population),EN.URB.MCTY.TL.ZS,Niger,NER,5.45230462484055,5.4083239320387,5.36882195697181,5.3367514593932
Population in urban agglomerations of more than 1 million (% of total population),EN.URB.MCTY.TL.ZS,Nigeria,NGA,16.3768377660595,16.5138246425259,16.663131283529,16.8282693803981
Population in urban agglomerations of more than 1 million (% of total population),EN.URB.MCTY.TL.ZS,North Macedonia,MKD,..,..,..,..
Population in urban agglomerations of more than 1 million (% of total population),EN.URB.MCTY.TL.ZS,Northern Mariana Islands,MNP,..,..,..,..
Population in urban agglomerations of more than 1 million (% of total population),EN.URB.MCTY.TL.ZS,Norway,NOR,18.9019717383164,19.0557418453153,19.1992888418174,19.3583574605329
Population in urban agglomerations of more than 1 million (% of total population),EN.URB.MCTY.TL.ZS,Oman,OMN,29.5225427921489,29.9527940505347,30.1836666270016,30.3474390702895
Population in urban agglomerations of more than 1 million (% of total population),EN.URB.MCTY.TL.ZS,Pakistan,PAK,19.8767501942342,20.0706133010883,20.2089150775699,20.3543684819008
Population in urban agglomerations of more than 1 million (% of total population),EN.URB.MCTY.TL.ZS,Palau,PLW,..,..,..,..
Population in urban agglomerations of more than 1 million (% of total population),EN.URB.MCTY.TL.ZS,Panama,PAN,42.5131076438773,42.6992186489973,42.8992991776641,43.1145081265088
Population in urban agglomerations of more than 1 million (% of total population),EN.URB.MCTY.TL.ZS,Papua New Guinea,PNG,..,..,..,..
Population in urban agglomerations of more than 1 million (% of total population),EN.URB.MCTY.TL.ZS,Paraguay,PRY,45.651864306374,46.3221253268189,46.5483043204911,46.7795018037078
Population in urban agglomerations of more than 1 million (% of total population),EN.URB.MCTY.TL.ZS,Peru,PER,32.4207481934961,32.4815434177684,32.4655860012079,32.5101239402853
Population in urban agglomerations of more than 1 million (% of total population),EN.URB.MCTY.TL.ZS,Philippines,PHL,14.2407806663466,14.2777768099309,14.3214158133797,14.3719164671531
Population in urban agglomerations of more than 1 million (% of total population),EN.URB.MCTY.TL.ZS,Poland,POL,4.63083359486624,4.65519325341181,4.67775788397221,4.7052632162214
Population in urban agglomerations of more than 1 million (% of total population),EN.URB.MCTY.TL.ZS,Portugal,PRT,40.9386716891741,41.1738942972759,41.3357309646856,41.4663728487714
Population in urban agglomerations of more than 1 million (% of total population),EN.URB.MCTY.TL.ZS,Puerto Rico,PRI,73.8974632557921,76.8576549922119,76.7567274760826,74.6118740663677
Population in urban agglomerations of more than 1 million (% of total population),EN.URB.MCTY.TL.ZS,Qatar,QAT,..,..,..,..
Population in urban agglomerations of more than 1 million (% of total population),EN.URB.MCTY.TL.ZS,Romania,ROU,9.34474262349521,9.35289517237625,9.35537337866143,9.36385889771892
Population in urban agglomerations of more than 1 million (% of total population),EN.URB.MCTY.TL.ZS,Russian Federation,RUS,22.9703958924637,23.1913611067562,23.3189549863077,23.4813937107319
Population in urban agglomerations of more than 1 million (% of total population),EN.URB.MCTY.TL.ZS,Rwanda,RWA,8.52253074878808,8.5989161572428,8.67032054802202,8.74060169967918
Population in urban agglomerations of more than 1 million (% of total population),EN.URB.MCTY.TL.ZS,Samoa,WSM,..,..,..,..
Population in urban agglomerations of more than 1 million (% of total population),EN.URB.MCTY.TL.ZS,San Marino,SMR,..,..,..,..
Population in urban agglomerations of more than 1 million (% of total population),EN.URB.MCTY.TL.ZS,Sao Tome and Principe,STP,..,..,..,..
Population in urban agglomerations of more than 1 million (% of total population),EN.URB.MCTY.TL.ZS,Saudi Arabia,SAU,46.5684595018855,47.2765299289907,47.514359312009,47.7540573128518
Population in urban agglomerations of more than 1 million (% of total population),EN.URB.MCTY.TL.ZS,Senegal,SEN,18.827714831633,18.7861620590067,18.7591868663693,18.7557043059783
Population in urban agglomerations of more than 1 million (% of total population),EN.URB.MCTY.TL.ZS,Serbia,SRB,19.6937325893787,19.8973191090315,20.0672403453591,20.2625520971787
Population in urban agglomerations of more than 1 million (% of total population),EN.URB.MCTY.TL.ZS,Seychelles,SYC,..,..,..,..
Population in urban agglomerations of more than 1 million (% of total population),EN.URB.MCTY.TL.ZS,Sierra Leone,SLE,14.7445651803777,14.8487173256364,14.9544738799318,15.067096152243
Population in urban agglomerations of more than 1 million (% of total population),EN.URB.MCTY.TL.ZS,Singapore,SGP,100,100,100,100
Population in urban agglomerations of more than 1 million (% of total population),EN.URB.MCTY.TL.ZS,Sint Maarten (Dutch part),SXM,..,..,..,..
Population in urban agglomerations of more than 1 million (% of total population),EN.URB.MCTY.TL.ZS,Slovak Republic,SVK,..,..,..,..
Population in urban agglomerations of more than 1 million (% of total population),EN.URB.MCTY.TL.ZS,Slovenia,SVN,..,..,..,..
Population in urban agglomerations of more than 1 million (% of total population),EN.URB.MCTY.TL.ZS,Solomon Islands,SLB,..,..,..,..
Population in urban agglomerations of more than 1 million (% of total population),EN.URB.MCTY.TL.ZS,Somalia,SOM,13.5499735591447,13.8698880114071,14.1155751385134,14.3583813952353
Population in urban agglomerations of more than 1 million (% of total population),EN.URB.MCTY.TL.ZS,South Africa,ZAF,34.8700084657447,35.2999436605291,35.5821698070402,35.867060965265
Population in urban agglomerations of more than 1 million (% of total population),EN.URB.MCTY.TL.ZS,South Sudan,SSD,..,..,..,..
Population in urban agglomerations of more than 1 million (% of total population),EN.URB.MCTY.TL.ZS,Spain,ESP,25.3784690979609,25.6235566347906,25.6713903561393,25.7647552850862
Population in urban agglomerations of more than 1 million (% of total population),EN.URB.MCTY.TL.ZS,Sri Lanka,LKA,..,..,..,..
Population in urban agglomerations of more than 1 million (% of total population),EN.URB.MCTY.TL.ZS,St. Kitts and Nevis,KNA,..,..,..,..
Population in urban agglomerations of more than 1 million (% of total population),EN.URB.MCTY.TL.ZS,St. Lucia,LCA,..,..,..,..
Population in urban agglomerations of more than 1 million (% of total population),EN.URB.MCTY.TL.ZS,St. Martin (French part),MAF,..,..,..,..
Population in urban agglomerations of more than 1 million (% of total population),EN.URB.MCTY.TL.ZS,St. Vincent and the Grenadines,VCT,..,..,..,..
Population in urban agglomerations of more than 1 million (% of total population),EN.URB.MCTY.TL.ZS,Sudan,SDN,13.2196245948451,13.2389382283884,13.262068925085,13.2929422381021
Population in urban agglomerations of more than 1 million (% of total population),EN.URB.MCTY.TL.ZS,Suriname,SUR,..,..,..,..
Population in urban agglomerations of more than 1 million (% of total population),EN.URB.MCTY.TL.ZS,Sweden,SWE,15.442698716943,15.5570978654601,15.6440770289624,15.7705814163058
Population in urban agglomerations of more than 1 million (% of total population),EN.URB.MCTY.TL.ZS,Switzerland,CHE,16.0442814819022,16.0996715067036,16.1288261141327,16.1563844683086
Population in urban agglomerations of more than 1 million (% of total population),EN.URB.MCTY.TL.ZS,Syrian Arab Republic,SYR,30.6443813342432,31.6810761742861,32.2322346423566,32.2538176709594
Population in urban agglomerations of more than 1 million (% of total population),EN.URB.MCTY.TL.ZS,Tajikistan,TJK,..,..,..,..
Population in urban agglomerations of more than 1 million (% of total population),EN.URB.MCTY.TL.ZS,Tanzania,TZA,12.1922666240032,12.5207525932884,12.8074406649402,13.094807158504
Population in urban agglomerations of more than 1 million (% of total population),EN.URB.MCTY.TL.ZS,Thailand,THA,19.6358357659001,20.0552326860108,20.3527795337176,20.6475351611142
Population in urban agglomerations of more than 1 million (% of total population),EN.URB.MCTY.TL.ZS,Timor-Leste,TLS,..,..,..,..
Population in urban agglomerations of more than 1 million (% of total population),EN.URB.MCTY.TL.ZS,Togo,TGO,22.1875862183632,22.1285711478947,22.0889717964767,22.0791891323519
Population in urban agglomerations of more than 1 million (% of total population),EN.URB.MCTY.TL.ZS,Tonga,TON,..,..,..,..
Population in urban agglomerations of more than 1 million (% of total population),EN.URB.MCTY.TL.ZS,Trinidad and Tobago,TTO,..,..,..,..
Population in urban agglomerations of more than 1 million (% of total population),EN.URB.MCTY.TL.ZS,Tunisia,TUN,19.7160906457008,19.8074949484242,19.9048955507361,20.0125006155542
Population in urban agglomerations of more than 1 million (% of total population),EN.URB.MCTY.TL.ZS,Turkiye,TUR,36.8037551347013,36.8462300684879,36.9614026828629,37.1644329430393
Population in urban agglomerations of more than 1 million (% of total population),EN.URB.MCTY.TL.ZS,Turkmenistan,TKM,..,..,..,..
Population in urban agglomerations of more than 1 million (% of total population),EN.URB.MCTY.TL.ZS,Turks and Caicos Islands,TCA,..,..,..,..
Population in urban agglomerations of more than 1 million (% of total population),EN.URB.MCTY.TL.ZS,Tuvalu,TUV,..,..,..,..
Population in urban agglomerations of more than 1 million (% of total population),EN.URB.MCTY.TL.ZS,Uganda,UGA,6.90641886570731,6.9890466978049,7.08768753591489,7.21095734680046
Population in urban agglomerations of more than 1 million (% of total population),EN.URB.MCTY.TL.ZS,Ukraine,UKR,12.0115227954858,12.1100023983407,12.2019290543956,12.295982450305
Population in urban agglomerations of more than 1 million (% of total population),EN.URB.MCTY.TL.ZS,United Arab Emirates,ARE,57.5452772923872,59.9724264419582,60.5296787501512,61.1280534659872
Population in urban agglomerations of more than 1 million (% of total population),EN.URB.MCTY.TL.ZS,United Kingdom,GBR,26.7126836084165,26.8304584761102,26.9586881996074,27.1372758307121
Population in urban agglomerations of more than 1 million (% of total population),EN.URB.MCTY.TL.ZS,United States,USA,45.9806119379238,46.3045260508243,46.4737333909952,46.4129947932598
Population in urban agglomerations of more than 1 million (% of total population),EN.URB.MCTY.TL.ZS,Uruguay,URY,50.2552634909919,50.3578707502124,50.399641104407,50.4469119191001
Population in urban agglomerations of more than 1 million (% of total population),EN.URB.MCTY.TL.ZS,Uzbekistan,UZB,7.51920428792847,7.47651876283905,7.41604539559594,7.35387159109665
Population in urban agglomerations of more than 1 million (% of total population),EN.URB.MCTY.TL.ZS,Vanuatu,VUT,..,..,..,..
Population in urban agglomerations of more than 1 million (% of total population),EN.URB.MCTY.TL.ZS,"Venezuela, RB",VEN,31.4059936440736,32.3325965689134,33.0734379140792,33.4955236054595
Population in urban agglomerations of more than 1 million (% of total population),EN.URB.MCTY.TL.ZS,Vietnam,VNM,16.3694553323491,16.9093964507698,17.3493834490948,17.7971781241155
Population in urban agglomerations of more than 1 million (% of total population),EN.URB.MCTY.TL.ZS,Virgin Islands (U.S.),VIR,..,..,..,..
Population in urban agglomerations of more than 1 million (% of total population),EN.URB.MCTY.TL.ZS,West Bank and Gaza,PSE,..,..,..,..
Population in urban agglomerations of more than 1 million (% of total population),EN.URB.MCTY.TL.ZS,"Yemen, Rep.",YEM,9.63218323990057,9.7524401390759,9.85659655766174,9.96778377821635
Population in urban agglomerations of more than 1 million (% of total population),EN.URB.MCTY.TL.ZS,Zambia,ZMB,14.2772218269228,14.5452143805505,14.81783753393,15.0899675782514
Population in urban agglomerations of more than 1 million (% of total population),EN.URB.MCTY.TL.ZS,Zimbabwe,ZWE,10.6057703809737,10.4926638008723,10.3875852968354,10.2935310117583
Population in urban agglomerations of more than 1 million (% of total population),EN.URB.MCTY.TL.ZS,Africa Eastern and Southern,AFE,14.3540408827823,14.4957809322127,14.623380166428,14.761201882829
Population in urban agglomerations of more than 1 million (% of total population),EN.URB.MCTY.TL.ZS,Africa Western and Central,AFW,17.1359784809682,17.2886267352623,17.4161747385851,17.5556536037729
Population in urban agglomerations of more than 1 million (% of total population),EN.URB.MCTY.TL.ZS,Arab World,ARB,23.3279064032944,23.5459666688855,23.6186762655011,23.6833635331748
Population in urban agglomerations of more than 1 million (% of total population),EN.URB.MCTY.TL.ZS,Caribbean small states,CSS,..,..,..,..
Population in urban agglomerations of more than 1 million (% of total population),EN.URB.MCTY.TL.ZS,Central Europe and the Baltics,CEB,..,..,..,..
Population in urban agglomerations of more than 1 million (% of total population),EN.URB.MCTY.TL.ZS,Early-demographic dividend,EAR,18.6032577613039,18.7940917998378,18.9590295959539,19.1288698591397
Population in urban agglomerations of more than 1 million (% of total population),EN.URB.MCTY.TL.ZS,East Asia & Pacific,EAS,..,..,..,..
Population in urban agglomerations of more than 1 million (% of total population),EN.URB.MCTY.TL.ZS,East Asia & Pacific (excluding high income),EAP,..,..,..,..
Population in urban agglomerations of more than 1 million (% of total population),EN.URB.MCTY.TL.ZS,East Asia & Pacific (IDA & IBRD countries),TEA,..,..,..,..
Population in urban agglomerations of more than 1 million (% of total population),EN.URB.MCTY.TL.ZS,Euro area,EMU,19.3790812949878,19.4704319315631,19.5576915589857,19.6360731494191
Population in urban agglomerations of more than 1 million (% of total population),EN.URB.MCTY.TL.ZS,Europe & Central Asia,ECS,20.3786178823399,20.5078318736569,20.6167909312627,20.7382103935959
Population in urban agglomerations of more than 1 million (% of total population),EN.URB.MCTY.TL.ZS,Europe & Central Asia (excluding high income),ECA,22.9096216017361,23.0801341507817,23.2075108227045,23.3617005892101
Population in urban agglomerations of more than 1 million (% of total population),EN.URB.MCTY.TL.ZS,Europe & Central Asia (IDA & IBRD countries),TEC,20.6161600246348,20.7787584641101,20.902937687054,21.0511496591192
Population in urban agglomerations of more than 1 million (% of total population),EN.URB.MCTY.TL.ZS,European Union,EUU,17.3166513624341,17.4049384718021,17.4852900671256,17.5640906118801
Population in urban agglomerations of more than 1 million (% of total population),EN.URB.MCTY.TL.ZS,Fragile and conflict affected situations,FCS,15.4931693911907,15.6399954362192,15.7652486004982,15.889649908812
Population in urban agglomerations of more than 1 million (% of total population),EN.URB.MCTY.TL.ZS,Heavily indebted poor countries (HIPC),HPC,14.0025643369065,14.1460665196989,14.2706435038142,14.4052182895261
Population in urban agglomerations of more than 1 million (% of total population),EN.URB.MCTY.TL.ZS,High income,HIC,..,..,..,..
Population in urban agglomerations of more than 1 million (% of total population),EN.URB.MCTY.TL.ZS,IBRD only,IBD,23.0736208636551,23.3947105415827,23.7011272268113,24.0237586729507
Population in urban agglomerations of more than 1 million (% of total population),EN.URB.MCTY.TL.ZS,IDA & IBRD total,IBT,20.9989520122496,21.26087905804,21.5049766512899,21.7606798090321
Population in urban agglomerations of more than 1 million (% of total population),EN.URB.MCTY.TL.ZS,IDA blend,IDB,..,..,..,..
Population in urban agglomerations of more than 1 million (% of total population),EN.URB.MCTY.TL.ZS,IDA only,IDX,12.9903706201947,13.154010803494,13.3071964847973,13.4651055014588
Population in urban agglomerations of more than 1 million (% of total population),EN.URB.MCTY.TL.ZS,IDA total,IDA,14.5561452597294,14.7261780956182,14.8764126111004,15.0324774593517
Population in urban agglomerations of more than 1 million (% of total population),EN.URB.MCTY.TL.ZS,Late-demographic dividend,LTE,27.2796813016252,27.788115837897,28.2734137720719,28.7891632264368
Population in urban agglomerations of more than 1 million (% of total population),EN.URB.MCTY.TL.ZS,Latin America & Caribbean,LCN,37.8841507110195,38.0780204193005,38.1819025570056,38.2888046059682
Population in urban agglomerations of more than 1 million (% of total population),EN.URB.MCTY.TL.ZS,Latin America & Caribbean (excluding high income),LAC,37.9654560656786,38.1226204495455,38.2015937330067,38.3046222873277
Population in urban agglomerations of more than 1 million (% of total population),EN.URB.MCTY.TL.ZS,Latin America & the Caribbean (IDA & IBRD countries),TLA,38.0419968721576,38.2305261018299,38.3352810540072,38.4483087869013
Population in urban agglomerations of more than 1 million (% of total population),EN.URB.MCTY.TL.ZS,Least developed countries: UN classification,LDC,12.6877086355853,12.8455373635646,13.0005124163648,13.1640374950608
Population in urban agglomerations of more than 1 million (% of total population),EN.URB.MCTY.TL.ZS,Low & middle income,LMY,20.9699834262428,21.2311963265462,21.4751401317417,21.7313417906376
Population in urban agglomerations of more than 1 million (% of total population),EN.URB.MCTY.TL.ZS,Low income,LIC,12.0286505366449,12.1358653677083,12.2409912881528,12.3520341506353
Population in urban agglomerations of more than 1 million (% of total population),EN.URB.MCTY.TL.ZS,Lower middle income,LMC,16.0973766527399,16.3105987308517,16.5042054019188,16.7047137314461
Population in urban agglomerations of more than 1 million (% of total population),EN.URB.MCTY.TL.ZS,Middle East & North Africa,MEA,25.7740746841443,25.9728503517027,26.034918617059,26.0924747869696
Population in urban agglomerations of more than 1 million (% of total population),EN.URB.MCTY.TL.ZS,Middle East & North Africa (excluding high income),MNA,21.8267891872129,21.892587342357,21.924634448271,21.9556418791381
Population in urban agglomerations of more than 1 million (% of total population),EN.URB.MCTY.TL.ZS,Middle East & North Africa (IDA & IBRD countries),TMN,21.8267891872129,21.892587342357,21.924634448271,21.9556418791381
Population in urban agglomerations of more than 1 million (% of total population),EN.URB.MCTY.TL.ZS,Middle income,MIC,21.9382802721029,22.2317600568307,22.5076963372492,22.7980984541734
Population in urban agglomerations of more than 1 million (% of total population),EN.URB.MCTY.TL.ZS,North America,NAC,45.9766333796156,46.2658502588997,46.4017386023098,46.3442393968577
Population in urban agglomerations of more than 1 million (% of total population),EN.URB.MCTY.TL.ZS,Not classified,INX,..,..,..,..
Population in urban agglomerations of more than 1 million (% of total population),EN.URB.MCTY.TL.ZS,OECD members,OED,37.11081049281,37.2780090295781,37.3764684234762,37.4561306167535
Population in urban agglomerations of more than 1 million (% of total population),EN.URB.MCTY.TL.ZS,Other small states,OSS,..,..,..,..
Population in urban agglomerations of more than 1 million (% of total population),EN.URB.MCTY.TL.ZS,Pacific island small states,PSS,..,..,..,..
Population in urban agglomerations of more than 1 million (% of total population),EN.URB.MCTY.TL.ZS,Post-demographic dividend,PST,36.7962611242515,36.9930830707728,37.111915888939,37.1947988501888
Population in urban agglomerations of more than 1 million (% of total population),EN.URB.MCTY.TL.ZS,Pre-demographic dividend,PRE,15.9290161693188,16.0692605427833,16.203023522901,16.3494065302623
Population in urban agglomerations of more than 1 million (% of total population),EN.URB.MCTY.TL.ZS,Small states,SST,..,..,..,..
Population in urban agglomerations of more than 1 million (% of total population),EN.URB.MCTY.TL.ZS,South Asia,SAS,15.440962201091,15.6911091934318,15.9230147573152,16.160224433256
Population in urban agglomerations of more than 1 million (% of total population),EN.URB.MCTY.TL.ZS,South Asia (IDA & IBRD),TSA,15.440962201091,15.6911091934318,15.9230147573152,16.160224433256
Population in urban agglomerations of more than 1 million (% of total population),EN.URB.MCTY.TL.ZS,Sub-Saharan Africa,SSF,15.4770348222685,15.6231171824091,15.7507255985825,15.8893530351102
Population in urban agglomerations of more than 1 million (% of total population),EN.URB.MCTY.TL.ZS,Sub-Saharan Africa (excluding high income),SSA,15.4770348222685,15.6231171824091,15.7507255985825,15.8893530351102
Population in urban agglomerations of more than 1 million (% of total population),EN.URB.MCTY.TL.ZS,Sub-Saharan Africa (IDA & IBRD countries),TSS,15.4770348222685,15.6231171824091,15.7507255985825,15.8893530351102
Population in urban agglomerations of more than 1 million (% of total population),EN.URB.MCTY.TL.ZS,Upper middle income,UMC,29.4548887411674,29.9073101628092,30.3519404080537,30.829599484103
Population in urban agglomerations of more than 1 million (% of total population),EN.URB.MCTY.TL.ZS,World,WLD,23.7336581858333,23.9750850901895,24.1831154822654,24.3984145819026